dataset,model,accuracy,precision,recall,f1_score,auc
_deprecated_cleve,xgboost,0.819672131147541,0.9047619047619048,0.6785714285714286,0.7755102040816326,0.935064935064935
_deprecated_colic,xgboost,0.8783783783783784,0.8392857142857143,1.0,0.912621359223301,0.8345153664302601
_deprecated_heart_c,xgboost,0.8032786885245902,0.7560975609756098,0.9393939393939394,0.8378378378378378,0.8852813852813852
_deprecated_heart_h,xgboost,0.847457627118644,0.8372093023255814,0.9473684210526315,0.8888888888888888,0.931077694235589
_deprecated_heart_statlog,xgboost,0.8333333333333334,0.7777777777777778,0.875,0.8235294117647058,0.8875
_deprecated_horse_colic,xgboost,0.7972972972972973,0.8,0.5925925925925926,0.6808510638297872,0.9062253743104807
_deprecated_house_votes_84,xgboost,0.9770114942528736,0.9705882352941176,0.9705882352941176,0.9705882352941176,0.9911209766925639
_deprecated_hungarian,xgboost,0.7966101694915254,0.7647058823529411,0.6190476190476191,0.6842105263157895,0.8320802005012532
_deprecated_vote,xgboost,0.9540229885057471,0.9411764705882353,0.9411764705882353,0.9411764705882353,0.9900110987791343
